Tokyo;35.6897;INLAND;true
Jakarta;-6.1750;INLAND;false
Delhi;28.6100;INLAND;true
Guangzhou;23.1300;INLAND;false
Mumbai;19.0761;INLAND;true
Manila;14.5958;INLAND;false
Shanghai;31.1667;INLAND;true
SÃ£o Paulo;-23.5500;INLAND;false
Seoul;37.5600;INLAND;true
Mexico City;19.4333;INLAND;false
Cairo;30.0444;INLAND;true
New York;40.6943;INLAND;false
Dhaka;23.7639;INLAND;true
Beijing;39.9040;INLAND;false
KolkÄta;22.5675;INLAND;true
Bangkok;13.7525;INLAND;false
Shenzhen;22.5350;INLAND;true
Moscow;55.7558;INLAND;false
Buenos Aires;-34.5997;INLAND;true
Lagos;6.4550;INLAND;false
Istanbul;41.0136;INLAND;true
Karachi;24.8600;INLAND;false
Bangalore;12.9789;INLAND;true
Ho Chi Minh City;10.7756;INLAND;false
ÅŒsaka;34.6939;INLAND;true
Chengdu;30.6600;INLAND;false
Tehran;35.6892;INLAND;true
Kinshasa;-4.3250;INLAND;false
Rio de Janeiro;-22.9111;INLAND;true
Chennai;13.0825;INLAND;false
Xiâ€™an;34.2667;INLAND;true
Lahore;31.5497;INLAND;false
Chongqing;29.5500;INLAND;true
Los Angeles;34.1141;INLAND;false
Baoding;38.8671;INLAND;true
London;51.5072;INLAND;false
Paris;48.8567;INLAND;true
Linyi;35.1041;INLAND;false
Dongguan;23.0475;INLAND;true
HyderÄbÄd;17.3850;INLAND;false
Tianjin;39.1467;INLAND;true
Lima;-12.0600;INLAND;false
Wuhan;30.5872;INLAND;true
Nanyang;32.9987;INLAND;false
Hangzhou;30.2500;INLAND;true
Foshan;23.0292;INLAND;false
Nagoya;35.1833;INLAND;true
Taipei;25.0375;INLAND;false
Tongshan;34.2610;INLAND;true
Luanda;-8.8383;INLAND;false
Zhoukou;33.6250;INLAND;true
Ganzhou;25.8292;INLAND;false
Kuala Lumpur;3.1478;INLAND;true
Heze;35.2333;INLAND;false
Quanzhou;24.9139;INLAND;true
Chicago;41.8375;INLAND;false
Nanjing;32.0608;INLAND;true
Jining;35.4000;INLAND;false
Hanoi;21.0283;INLAND;true
Pune;18.5203;INLAND;false
Fuyang;32.8986;INLAND;true
Ahmedabad;23.0300;INLAND;false
Johannesburg;-26.2044;INLAND;true
BogotÃ¡;4.7111;INLAND;false
Dar es Salaam;-6.8161;INLAND;true
Shenyang;41.8025;INLAND;false
Khartoum;15.5006;INLAND;true
Shangqiu;34.4259;INLAND;false
Cangzhou;38.3037;INLAND;true
Hong Kong;22.3000;INLAND;false
Shaoyang;27.2418;INLAND;true
Zhanjiang;21.1967;INLAND;false
Yancheng;33.3936;INLAND;true
Hengyang;26.8968;INLAND;false
Riyadh;24.6333;INLAND;true
Zhumadian;32.9773;INLAND;false
Santiago;-33.4372;INLAND;true
Xingtai;37.0659;INLAND;false
Chattogram;22.3350;INLAND;true
Bijie;27.3019;INLAND;false
Shangrao;28.4419;INLAND;true
Zunyi;27.7050;INLAND;false
SÅ«rat;21.1702;INLAND;true
Surabaya;-7.2458;INLAND;false
Huanggang;30.4500;INLAND;true
Maoming;21.6618;INLAND;false
Nanchong;30.7991;INLAND;true
Xinyang;32.1264;INLAND;false
Madrid;40.4169;INLAND;true
Baghdad;33.3153;INLAND;false
Qujing;25.5102;INLAND;true
Jieyang;23.5533;INLAND;false
Singapore;1.3000;INLAND;true
Prayagraj;25.4358;INLAND;false
Liaocheng;36.4500;INLAND;true
Dalian;38.9000;INLAND;false
Yulin;22.6293;INLAND;true
Changde;29.0397;INLAND;false
Qingdao;36.1167;INLAND;true
Douala;4.0500;INLAND;false
Miami;25.7840;INLAND;true
Nangandao;35.2992;INLAND;false
Pudong;31.2231;INLAND;true
Xiangyang;32.0654;INLAND;false
Dallas;32.7935;INLAND;true
Houston;29.7860;INLAND;false
Zhengzhou;34.7492;INLAND;true
Luâ€™an;31.7542;INLAND;false
Dezhou;37.4513;INLAND;true
Jinan;36.6667;INLAND;false
Giza;29.9870;INLAND;true
Zhaotong;27.3328;INLAND;false
Yichun;27.8041;INLAND;true
Nairobi;-1.2864;INLAND;false
Guadalajara;20.6767;INLAND;true
Philadelphia;40.0077;INLAND;false
Ankara;39.9300;INLAND;true
Taiâ€™an;36.2001;INLAND;false
Dazhou;31.2152;INLAND;true
Langfang;39.5196;INLAND;false
Yongzhou;26.4515;INLAND;true
Toronto;43.7417;INLAND;false
Suihua;46.6384;INLAND;true
Saint Petersburg;59.9500;INLAND;false
Qiqihar;47.3398;INLAND;true
Suzhou;33.6333;INLAND;false
Monterrey;25.6667;INLAND;true
Belo Horizonte;-19.9167;INLAND;false
Weinan;34.4996;INLAND;true
Rangoon;16.7950;INLAND;false
Zhangzhou;24.5093;INLAND;true
Yuncheng;35.0304;INLAND;false
Xianyang;34.3500;INLAND;true
Guilin;25.2819;INLAND;false
Atlanta;33.7628;INLAND;true
Taizhou;32.4831;INLAND;false
KÄshÄn;33.9833;INLAND;true
Bozhou;33.8626;INLAND;false
Abidjan;5.3167;INLAND;true
Suqian;33.9331;INLAND;false
Huaihua;27.5494;INLAND;true
Jiâ€™an;27.1172;INLAND;false
Xiaoganzhan;30.9273;INLAND;true
Pingdingshan;33.7350;INLAND;false
Jiujiang;29.7048;INLAND;true
Alexandria;31.1975;INLAND;false
Mianyang;31.4669;INLAND;true
Sydney;-33.8678;INLAND;false
Huanglongsi;34.7950;INLAND;true
Washington;38.9047;INLAND;false
Barcelona;41.3825;INLAND;true
Changsha;28.1987;INLAND;false
Chenzhou;25.7989;INLAND;true
Anqing;30.5000;INLAND;false
Jiangmen;22.5833;INLAND;true
Xinpu;34.5906;INLAND;false
Yibin;28.7596;INLAND;true
Yangzhou;32.3912;INLAND;false
Melbourne;-37.8142;INLAND;true
Berlin;52.5200;INLAND;false
Hengshui;37.7348;INLAND;true
TimbÃ­o;2.3445;INLAND;false
Kunming;25.0433;INLAND;true
Yiyang;28.5833;INLAND;false
Guigang;23.0961;INLAND;true
Changchun;43.9000;INLAND;false
Jiangguanchi;34.0244;INLAND;true
Casablanca;33.5333;INLAND;false
Meizhou;24.2998;INLAND;true
Zhangjiakou;40.8108;INLAND;false
Chifeng;42.2663;INLAND;true
ÃœrÃ¼mqi;43.8225;INLAND;false
Suzhou;31.3000;INLAND;true
Ä°zmir;38.4200;INLAND;false
Linfen;36.0812;INLAND;true
Shantou;23.3735;INLAND;false
Kabul;34.5253;INLAND;true
Mogadishu;2.0392;INLAND;false
Luzhou;28.8918;INLAND;true
Hefei;31.8639;INLAND;false
Boston;42.3188;INLAND;true
Liuzhou;24.3264;INLAND;false
Zhaoqing;23.0500;INLAND;true
Xiaoxita;30.7083;INLAND;false
Shijiazhuang;38.0422;INLAND;true
Ningbo;29.8750;INLAND;false
Fuzhou;27.9814;INLAND;true
Phoenix;33.5722;INLAND;false
Zhuzhou;27.8407;INLAND;true
Amman;31.9497;INLAND;false
Chuzhou;32.3062;INLAND;true
Jeddah;21.5433;INLAND;false
Qingyuan;23.6842;INLAND;true
Loudi;27.7378;INLAND;false
Binzhou;37.3806;INLAND;true
Deyang;31.1289;INLAND;false
Taiyuan;37.8733;INLAND;true
Kano;12.0000;INLAND;false
Wuhu;31.3340;INLAND;true
Nanning;22.8192;INLAND;false
Harbin;45.7500;INLAND;true
Abuja;9.0667;INLAND;false
Yokohama;35.4442;INLAND;true
Baojishi;34.3609;INLAND;false
Zaozhuang;34.8667;INLAND;true
Xiamen;24.4797;INLAND;false
Neijiang;29.5872;INLAND;true
Fuzhou;26.0769;INLAND;false
Baicheng;23.9010;INLAND;true
Anshan;41.1066;INLAND;false
Medan;3.5894;INLAND;true
Yulinshi;38.2655;INLAND;false
Wenzhou;27.9991;INLAND;true
Changzhou;31.8122;INLAND;false
Puyang;35.7639;INLAND;true
Jiaozuo;35.2290;INLAND;false
Nanchang;28.6842;INLAND;true
Ibadan;7.3964;INLAND;false
Hechi;24.6928;INLAND;true
Detroit;42.3834;INLAND;false
MontrÃ©al;45.5089;INLAND;true
Busan;35.1800;INLAND;false
Hohhot;40.8151;INLAND;true
Seattle;47.6211;INLAND;false
Algiers;36.7539;INLAND;true
Hanzhong;33.0794;INLAND;false
Tangshan;39.6292;INLAND;true
Shiyan;32.6351;INLAND;false
Lucknow;26.8500;INLAND;true
Siping;43.1715;INLAND;false
Mashhad;36.3000;INLAND;true
Boankra;6.6944;INLAND;false
Changzhi;36.1953;INLAND;true
Dubai;25.2631;INLAND;false
Qinzhou;21.9500;INLAND;true
Guiyang;26.5794;INLAND;false
Bengbu;32.9354;INLAND;true
San Francisco;37.7558;INLAND;false
Bazhou;31.8576;INLAND;true
Qincheng;34.5809;INLAND;false
Suining;30.5098;INLAND;true
Wuxi;31.5667;INLAND;false
Leshan;29.5854;INLAND;true
Putian;25.4394;INLAND;false
Zhenjiang;32.2109;INLAND;true
Faisalabad;31.4167;INLAND;false
Guangâ€™an;30.4673;INLAND;true
Tongren;27.7233;INLAND;false
Santa Cruz;-17.7892;INLAND;true
Qinhuangdao;39.9398;INLAND;false
Tongliao;43.6172;INLAND;true
